,Date,tavg,tmin,tmax,prcp,wdir,wspd,pres
0,2021-01-01,39,36,43,0.051,,3.2,1017
1,2021-01-02,41.4,39,44.1,0.213,210,11.6,1011.8
2,2021-01-03,42.1,37,46,0.189,232,11.7,1011.1
3,2021-01-04,39.9,35.1,45,0.189,28,4.5,1009.3
4,2021-01-05,39.2,36,43,0,164,6,1021.2
5,2021-01-06,41.5,39,45,0.256,69,4.2,1019.1
6,2021-01-07,38.1,32,41,0.075,16,0.9,1026.5
7,2021-01-08,34.7,30,39.9,0,1,1.3,1025.3
8,2021-01-09,36.3,30.9,39.9,0,357,1.4,1030.7
9,2021-01-10,35.8,30.9,41,0,20,1.2,1027.6
10,2021-01-11,39,36,44.1,0.028,3,1.2,1024
11,2021-01-12,43.3,37.9,48,0.461,104,6.5,1012.4
12,2021-01-13,43.2,33.1,53.1,0.181,247,16.2,1017.5
13,2021-01-14,32.9,26.1,43,0,10,0.9,1035.6
14,2021-01-15,33.3,26.2,37.9,0,49,2.6,1030.6
15,2021-01-16,37,34,41,0,359,1.1,1030.6
16,2021-01-17,36.7,36,37.9,0.079,295,2.9,1027.3
17,2021-01-18,34,28,39,0,348,1.6,1032.7
18,2021-01-19,30.7,25,37,0,359,1.4,1032.6
19,2021-01-20,32.2,28,37,0,2,0.3,1022.1
20,2021-01-21,31.5,27,37,0,3,0.3,1020.3
21,2021-01-22,27.5,21.9,37,0,4,0.6,1018.6
22,2021-01-23,24.4,19,30.9,0,359,0.3,1019.8
23,2021-01-24,26.8,19.9,30.9,0,4,0.3,1011.4
24,2021-01-25,28.9,26.1,32,0.031,352,0.6,1011.2
25,2021-01-26,30,28,34,0.02,16,2,1009.4
26,2021-01-27,33.4,28,37.9,0.071,70,4.5,1006.2
27,2021-01-28,36.1,30,42.1,0.012,2,0.6,1008.2
28,2021-01-29,34,32,37,0.02,342,2.1,1009.3
29,2021-01-30,38.7,34,44.1,0,28,2.1,1017.9
30,2021-01-31,42.8,39,46.9,0.012,54,3.8,1019.3
31,2021-02-01,46.8,37.9,54,0.004,42,3.6,1012
32,2021-02-02,43.5,33.1,51.1,0.031,218,10.3,1009.8
33,2021-02-03,34.7,28,42.1,0,323,3.2,1017.4
34,2021-02-04,36.1,32,41,0.043,235,6,1023.4
35,2021-02-05,41.5,35.1,50,0.039,258,6.3,1015.3
36,2021-02-06,39.2,32,46.9,0.012,251,7.5,1010.6
37,2021-02-07,34,28.9,37,0.02,315,2.8,1011.8
38,2021-02-08,29.5,27,33.1,0,344,3.9,1016.3
39,2021-02-09,23.7,19,27,0,358,3.2,1021.6
40,2021-02-10,25,19,30.9,0,347,3.2,1022.1
41,2021-02-11,19,12.9,23,0,43,11.6,1025.7
42,2021-02-12,16.2,12,21,0,63,11.1,1024.6
43,2021-02-13,20.8,18,25,0,62,11.6,1017.9
44,2021-02-14,21.2,18,24.1,0.047,74,4.1,1019.3
45,2021-02-15,23,21,26.1,0.232,344,1.7,1008.2
46,2021-02-16,25,21.9,27,0.035,312,2.3,1015.5
47,2021-02-17,28.6,21,37,0,271,4.2,1024.7
48,2021-02-18,24.3,15.1,33.1,0.091,18,1.6,1027.1
49,2021-02-19,31.8,30,33.1,0.028,259,4,1018.8
50,2021-02-20,31.5,30,33.1,0,234,6.4,1021.7
51,2021-02-21,37.4,32,42.1,0.02,222,10.1,1025.2
52,2021-02-22,42.8,39,46.9,0.055,235,14,1017.7
53,2021-02-23,36.3,28.9,43,0,260,7.6,1020.4
54,2021-02-24,31.5,24.1,39,0,279,4.3,1031.5
55,2021-02-25,36.9,30.9,45,0.102,208,11.7,1016.9
56,2021-02-26,37.8,34,44.1,0,251,7.4,1007.9
57,2021-02-27,35.1,28,42.1,0.004,273,5,1017.8
58,2021-02-28,38.5,32,45,0,177,7,1024.3
59,2021-03-01,41.5,30,53.1,0,343,3.9,1020.3
60,2021-03-02,44.4,37,55.9,0,305,5.9,1014.1
61,2021-03-03,42.3,30,60.1,0,21,2.4,1011.8
62,2021-03-04,43.9,30,61,0,30,3.6,1017.4
63,2021-03-05,47.8,34,63,0,39,5.8,1015
64,2021-03-06,42.4,37,51.1,0,238,8,1013
65,2021-03-07,39.7,33.1,48.9,0.016,12,7.7,1018.7
66,2021-03-08,36.3,28,48,0,16,3,1017.8
67,2021-03-09,37.4,30,48.9,0,26,2.5,1016.8
68,2021-03-10,36,26.1,48,0,10,1.9,1014.8
69,2021-03-11,37,26.1,52,0,340,2.7,1022.5
70,2021-03-12,39.4,27,54,0,6,2.1,1026
71,2021-03-13,41.4,28,57.9,0,1,1.4,1023.7
72,2021-03-14,42.65,32.5,53.4,0,132.5,3.25,1018.75
73,2021-03-15,43.9,37,48.9,0,264,5.1,1013.8
74,2021-03-16,41,28.9,54,0,0,1.9,1018.6
75,2021-03-17,42.8,28.9,60.1,0,15,1.3,1018
76,2021-03-18,51.1,35.1,64.9,0,26,5.4,1012.2
77,2021-03-19,46.9,39,53.1,0.071,221,7.8,1015.4
78,2021-03-20,43.2,35.1,52,0,232,8.4,1017.1
79,2021-03-21,39.7,35.1,46.9,0.004,216,9.4,1021.5
80,2021-03-22,37.9,32,46.9,0.26,216,5.2,1015.4
81,2021-03-23,38.1,30,51.1,0,11,3.2,1025.5
82,2021-03-24,39.6,37,42.1,0.169,212,5.3,1012.1
83,2021-03-25,40.6,35.1,51.1,0.008,5,2.1,1008.3
84,2021-03-26,43,32,53.1,0,261,5.9,1018.4
85,2021-03-27,46.6,34,57,0,246,5.5,1024.4
86,2021-03-28,48.7,37,59,0.016,237,13.8,1010.2
87,2021-03-29,38.1,28.9,45,0,275,9.9,1017.2
88,2021-03-30,38.7,28,50,0,280,5,1027.4
89,2021-03-31,43,28,59,0,24,2.8,1028.7
90,2021-04-01,48.6,33.1,66,0,336,5.4,1013.2
91,2021-04-02,52.3,36,64,0,301,6,1014
92,2021-04-03,50.7,37.9,64,0,349,4.4,1018.4
93,2021-04-04,47.8,43,55,0.071,323,4.4,1016.9
94,2021-04-05,45,34,57,0,328,2.4,1016.7
95,2021-04-06,46.8,33.1,60.1,0,212,5.2,1017.6
96,2021-04-07,47.1,34,57,0,215,9.1,1013.3
97,2021-04-08,44.1,37.9,52,0.043,240,8.7,1016.9
98,2021-04-09,44.8,30,55,0,243,8.9,1018.6
99,2021-04-10,42.8,34,48.9,0.004,274,11.1,1014
100,2021-04-11,37.2,26.1,50,0,351,2,1024.6
101,2021-04-12,41.9,27,55,0,45,7.3,1026.6
102,2021-04-13,48,39.9,57,0,48,10.7,1025.9
103,2021-04-14,52.7,39,66,0,53,9.6,1021.3
104,2021-04-15,54.5,37.9,69.1,0,35,5.8,1020.2
105,2021-04-16,53.8,36,71.1,0,34,4.3,1024.6
106,2021-04-17,55.8,36,75,0,353,2.9,1023.9
107,2021-04-18,57.9,41,75.9,0,25,9.1,1018.4
108,2021-04-19,48,39.9,57,0,47,10.3,1026.2
109,2021-04-20,48.7,32,62.1,0,34,4.7,1023.9
110,2021-04-21,52,32,69.1,0,337,3.2,1015.4
111,2021-04-22,56.3,44.1,66,0.031,31,5.4,1007.1
112,2021-04-23,50.5,37,64.9,0,343,2.6,1010.9
113,2021-04-24,48.2,44.1,53.1,0.138,94,5.4,1006.3
114,2021-04-25,49.3,43,57,0.024,224,7.3,1004.8
115,2021-04-26,50,41,60.1,0,326,2.6,1007.6
116,2021-04-27,52,39,64,0,282,7.5,1016.3
117,2021-04-28,57.4,44.1,70,0,269,6.3,1022.3
118,2021-04-29,63.9,51.1,79,0,350,4.6,1021.6
119,2021-04-30,62.4,53.1,73,0,222,8.6,1017.1
120,2021-05-01,59.4,50,69.1,0,262,8.1,1011.4
121,2021-05-02,53.8,39.2,64.9,0,354,2.5,1016.1
122,2021-05-03,53.6,39.9,64.9,0,291,6.6,1018
123,2021-05-04,54,37.9,69.1,0,329,3.7,1018.3
124,2021-05-05,58.5,39.9,73.9,0,32,2.7,1020.5
125,2021-05-06,67.6,48.9,86,0,319,8.2,1011
126,2021-05-07,53.6,48,60.1,0.012,227,12.7,1015.9
127,2021-05-08,49.1,36,60.1,0.02,250,8.5,1021.2
128,2021-05-09,52.5,43,62.1,0,304,3.7,1020.5
129,2021-05-10,54.9,41,66.9,0,356,3.2,1020.8
130,2021-05-11,57.4,42.1,71.1,0,355,3.4,1019.9
131,2021-05-12,58.8,44.1,73,0,21,2.4,1018.7
132,2021-05-13,62.1,48,75,0,334,2.4,1018.3
133,2021-05-14,61.5,44.1,79,0,357,2.3,1016
134,2021-05-15,64.2,46.9,81,0,355,2.1,1013.8
135,2021-05-16,66.6,48.9,84,0,332,3.5,1010.9
136,2021-05-17,68.4,53.1,82,0,213,9.9,1007
137,2021-05-18,57.6,46.9,63,0,240,14.7,1013.5
138,2021-05-19,49.6,41,57.9,0.016,326,3.2,1014.2
139,2021-05-20,49.3,46,55,0.067,33,5.3,1014.2
140,2021-05-21,52.3,37,64,0,45,7.8,1018
141,2021-05-22,57.2,48.9,69.1,0,58,6.8,1017
142,2021-05-23,55,43,69.1,0.063,309,6.3,1011.3
143,2021-05-24,58.3,46.9,71.1,0.114,234,11.5,1010.8
144,2021-05-25,58.1,46.9,69.1,0.012,358,3.1,1015.7
145,2021-05-26,60.8,48.9,73,0,191,6.5,1017.8
146,2021-05-27,62.1,52,73,0.028,253,12.3,1012.1
147,2021-05-28,55.8,46,64.9,0,227,12.4,1019.5
148,2021-05-29,58.5,41,73.9,0,17,2.4,1020.7
149,2021-05-30,63.7,44.1,79,0,346,2.3,1019.1
150,2021-05-31,69.1,51.1,84.9,0,356,2.7,1018.6
151,2021-06-01,73.8,55,90,0,13,2.4,1015.8
152,2021-06-02,78.1,59,95,0,2,3.3,1010.6
153,2021-06-03,79,63,93.9,0,258,6.7,1007.8
154,2021-06-04,73.2,62.1,84,0,238,9.7,1009.2
155,2021-06-05,64.4,55,71.1,0,241,14.7,1008.9
156,2021-06-06,52.2,45,57.9,0,215,8.5,1012.5
157,2021-06-07,55.4,45,64.9,0.083,340,5.7,1011.8
158,2021-06-08,61.5,46,73,0,324,2.7,1011
159,2021-06-09,59,53.1,64.9,0.024,296,3.1,1015.8
160,2021-06-10,60.3,50,71.1,0,251,9.1,1014.5
161,2021-06-11,58.5,48,70,0,25,4.7,1015
162,2021-06-12,63.3,52,77,0.079,45,3.8,1016
163,2021-06-13,75.4,60.1,91.9,0,42,4.4,1009.2
164,2021-06-14,74.7,61,87.1,0,252,5.8,1010.6
165,2021-06-15,61.9,55.9,69.1,0.5,236,7.2,1017.8
166,2021-06-16,61.3,50,73,0,331,3.3,1024.5
167,2021-06-17,66.2,48.9,81,0,347,3,1019
168,2021-06-18,70.9,53.1,86,0,341,3.2,1014.1
169,2021-06-19,72.9,55.9,86,0,294,7.1,1009.9
170,2021-06-20,74.7,66,84,0,33,6.5,1014.2
171,2021-06-21,74.1,57,89.1,0,352,2,1011.8
172,2021-06-22,78.8,61,93,0,266,7.5,1006.2
173,2021-06-23,79.7,69.1,90,0,200,7.3,1007.4
174,2021-06-24,77.4,64.9,90,0,347,4.2,1011.2
175,2021-06-25,79.7,62.1,93,0,347,2.1,1012.9
176,2021-06-26,83.8,64.9,100,0,25,3.4,1016.7
177,2021-06-27,87.6,68,104,0,49,4.8,1015.5
178,2021-06-28,90,71.1,107.1,0,38,4.3,1011.8
179,2021-06-29,92.3,71.1,111,0,46,3.9,1007.7
180,2021-06-30,91.9,71.1,107.1,0,31,4.1,1005
181,2021-07-01,89.4,81,99,0,222,6.8,1006.7
182,2021-07-02,81.3,70,93.9,0,255,5.2,1009.3
183,2021-07-03,80.4,64,95,0,118,5.1,1009.8
184,2021-07-04,80.2,66,93.9,0,277,6.3,1009.5
185,2021-07-05,79.5,64.9,93.9,0,43,5.8,1012.3
186,2021-07-06,80.8,64,97,0,3,3.5,1012.3
187,2021-07-07,78.3,64,93,0,322,6.3,1007.9
188,2021-07-08,76.1,60.1,90,0,338,2.8,1010.8
189,2021-07-09,76.5,62.1,91.9,0,327,3.5,1015.6
190,2021-07-10,78.6,57.9,96.1,0,348,3.7,1015.2
191,2021-07-11,79.5,62.1,96.1,0,279,5.3,1013.2
192,2021-07-12,79.9,60.1,98.1,0,355,3,1012.1
193,2021-07-13,80.2,63,98.1,0,8,2.1,1011
194,2021-07-14,82.6,66,99,0,328,4.5,1009.2
195,2021-07-15,79.2,66,91,0,224,7.1,1008.3
196,2021-07-16,76.1,64.9,87.1,0,206,7.5,1010.6
197,2021-07-17,74.7,61,88,0,232,4.2,1014.3
198,2021-07-18,77,59,93,0,349,1.9,1016
199,2021-07-19,76.3,61,90,0,0,1.6,1014.4
200,2021-07-20,77.4,64.9,90,0,252,5.2,1013.9
201,2021-07-21,71.1,61,82.9,0.071,264,6.2,1013.5
202,2021-07-22,67.8,57,81,0,264,4.7,1016.7
203,2021-07-23,70.5,53.1,87.1,0,318,6,1019.2
204,2021-07-24,75,55.9,91.9,0,348,2.9,1017.3
205,2021-07-25,79.5,60.1,97,0,351,4.2,1012.6
206,2021-07-26,79.5,62.1,93.9,0,339,4.6,1010.8
207,2021-07-27,74.1,64.9,84.9,0.012,12,3.9,1013.7
208,2021-07-28,78.8,66.9,91.9,0,351,2.7,1017.5
209,2021-07-29,81.1,62.1,98.1,0,357,3,1015.4
210,2021-07-30,83.5,62.1,102.9,0,20,2.7,1014.8
211,2021-07-31,86.7,64,105.1,0,26,4.8,1013.2
212,2021-08-01,79.3,73.9,84,0.035,337,3.2,1016.2
213,2021-08-02,79,66,93,0,330,2.9,1017.6
214,2021-08-03,81.7,64.9,97,0,8,2.2,1015.8
215,2021-08-04,82.6,66.9,97,0,16,4,1012.3
216,2021-08-05,75,64,84,0,8,1.9,1010
217,2021-08-06,75.7,66,87.1,0,218,10.6,1011.2
218,2021-08-07,74.1,64.9,82.9,0,240,7.3,1009.5
219,2021-08-08,64.8,54,75,0.154,246,10.8,1010.3
220,2021-08-09,64,53.1,81,0,359,2.9,1017.7
221,2021-08-10,72.7,55.9,90,0,348,3.8,1015.5
222,2021-08-11,81.9,62.1,99,0,331,3.4,1013.7
223,2021-08-12,80.2,63,96.1,0,0,2.8,1015.3
224,2021-08-13,74.8,57.9,93,0,349,1.6,1016.9
225,2021-08-14,77.7,59,99,0,5,4.2,1016
226,2021-08-15,81.5,63,100,0,316,4.8,1012.7
227,2021-08-16,80.6,68,93.9,0,279,6.6,1006
228,2021-08-17,68,60.1,75.9,0,226,8.7,1006.7
229,2021-08-18,66,55.9,77,0,29,3.4,1015.8
230,2021-08-19,67.1,52,82,0,340,2.9,1013.9
231,2021-08-20,70.2,63,78.1,0,34,4.5,1010.2
232,2021-08-21,63.3,55.9,73.9,0.303,5,4.1,1007.3
233,2021-08-22,65.7,57,75,0,224,10.3,1006.7
234,2021-08-23,60.3,48.9,72,0,240,5,1012
235,2021-08-24,61.5,46,78.1,0,6,2.4,1016.7
236,2021-08-25,64.8,48.9,81,0,339,1.9,1014.3
237,2021-08-26,66.6,53.1,77,0,235,6.2,1014.3
238,2021-08-27,64.8,55,75,0.106,316,3.4,1014.2
239,2021-08-28,63.9,48,80.1,0,354,1.9,1018.1
240,2021-08-29,67.5,48.9,86,0,14,2.4,1012.8
241,2021-08-30,68.2,51.1,82.9,0,197,7.3,1006.9
242,2021-08-31,60.1,51.1,70,0,215,10.4,1009.7
243,2021-09-01,60.1,46,72,0,321,4.3,1013.8
244,2021-09-02,59.9,45,75.9,0,349,1.8,1016.4
245,2021-09-03,63.3,46,80.1,0,7,1.9,1017.3
246,2021-09-04,67.8,51.1,84,0,7,2,1014.9
247,2021-09-05,70.7,55,87.1,0,324,5.4,1013.2
248,2021-09-06,70.2,61,82.9,0,286,4.5,1015.5
249,2021-09-07,68.5,51.1,90,0,20,2.4,1017.8
250,2021-09-08,70.3,55.9,89.1,0,345,4.3,1013.3
251,2021-09-09,71.1,55,88,0,9,1.8,1011.6
252,2021-09-10,65.7,60.1,75.9,0.161,1,3,1011.9
253,2021-09-11,62.1,57,72,0.134,225,7.2,1018.9
254,2021-09-12,62.8,53.1,75.9,0,345,2.2,1016.6
255,2021-09-13,63,54,75.9,0,316,3.6,1017.2
256,2021-09-14,63.9,48.9,78.1,0,330,4.8,1016.1
257,2021-09-15,65.8,57.9,75,0,258,8.6,1010
258,2021-09-16,56.1,42.1,66.9,0,322,4.3,1017.2
259,2021-09-17,55.8,44.1,71.1,0.051,31,3.5,1011.4
260,2021-09-18,55.8,51.1,62.1,0.22,268,5.8,1006.3
261,2021-09-19,54,48.9,64.9,0.228,240,7.1,1013.4
262,2021-09-20,53.8,46.9,64.9,0,77,4,1025.9
263,2021-09-21,56.8,42.1,73.9,0,32,2.6,1026.3
264,2021-09-22,58.5,46.9,72,0,348,1.2,1018.3
265,2021-09-23,59.9,52,73,0,328,3.4,1022.8
266,2021-09-24,60.6,45,78.1,0,18,1.9,1020.5
267,2021-09-25,65.1,53.1,82,0,1,2.9,1011.1
268,2021-09-26,65.3,53.1,80.1,0,0,5.2,1008
269,2021-09-27,62.8,51.1,72,0.295,223,8.1,1007.9
270,2021-09-28,53.6,50,61,0.154,221,10.4,1014.1
271,2021-09-29,52.2,45,61,0,225,4.8,1021.6
272,2021-09-30,57.4,44.1,75,0.142,356,6,1021.4
273,2021-10-01,55,46,64,0,341,1.7,1023.9
274,2021-10-02,51.8,39.9,66.9,0,5,0.9,1022.6
275,2021-10-03,55,43,72,0,11,2.9,1018.1
276,2021-10-04,55.6,43,71.1,0,12,1.2,1013.3
277,2021-10-05,61,46.9,75,0,326,3.3,1009.7
278,2021-10-06,52,44.1,60.1,0.043,199,8.9,1016.9
279,2021-10-07,46,35.1,59,0,15,3,1019.4
280,2021-10-08,45.5,35.1,59,0,353,1,1015.8
281,2021-10-09,46.8,34,59,0,309,4.7,1019.9
282,2021-10-10,52.7,39.9,59,0,249,9.2,1014.5
283,2021-10-11,41.9,30.9,55.9,0,358,2.2,1019.3
284,2021-10-12,40.6,28.9,54,0,357,2,1020.2
285,2021-10-13,41,39,43,0.071,309,3.4,1015.8
286,2021-10-14,43.3,34,51.1,0.012,319,3.5,1021.8
287,2021-10-15,51.1,46,57.9,0,156,3.5,1022.4
288,2021-10-16,52.9,39.9,72,0,20,3,1017.8
289,2021-10-17,51.6,41,69.1,0,6,1.2,1006.3
290,2021-10-18,49.1,37.9,64.9,0,0,1.4,1009.6
291,2021-10-19,49.6,37,68,0,14,2.1,1013.2
292,2021-10-20,52,46,59,0.091,44,5.3,1013.3
293,2021-10-21,53.4,46,64,0,27,3.7,1017.1
294,2021-10-22,52.3,48.9,55.9,0.252,204,5.7,1008
295,2021-10-23,49.1,45,54,0.083,209,5.5,1007.2
296,2021-10-24,50,45,55,0.335,76,8.6,997.3
297,2021-10-25,48.9,42.1,57,0.122,139,6.3,1000.9
298,2021-10-26,49.1,44.1,54,0.083,212,10.7,1008.8
299,2021-10-27,48.7,42.1,54,0,236,10.2,1019.3
300,2021-10-28,55,45,64.9,0.114,209,9.8,1017.8
301,2021-10-29,52.2,39.9,60.1,0.528,258,7.1,1013.3
302,2021-10-30,38.8,28.9,50,0,18,3.6,1024.7
303,2021-10-31,37.8,28.9,51.1,0,14,2.2,1022.1
304,2021-11-01,40.3,30,55,0,12,1.6,1020.2
305,2021-11-02,45.1,42.1,51.1,0,352,1.9,1024.9
306,2021-11-03,48.4,44.1,57,0,8,0.7,1021.5
307,2021-11-04,49.6,45,57,0.299,299,7,1009.5
308,2021-11-05,46,39.9,51.1,0.039,229,5.5,1015.2
309,2021-11-06,41.9,37,48,0.031,161,5.7,1014.8
310,2021-11-07,41.5,36,48,0,216,8.5,1019.7
311,2021-11-08,41.9,36,51.1,0,52,4.1,1019.9
312,2021-11-09,42.1,37,51.1,0.15,124,7.5,1012
313,2021-11-10,38.7,32,46,0,344,3.5,1025.7
314,2021-11-11,39,35.1,43,0.287,19,2.5,1026.2
315,2021-11-12,43.9,39.9,48,0.425,350,1.1,1021.4
316,2021-11-13,41,34,46,0.102,14,1.7,1024.6
317,2021-11-14,54.9,42.1,60.1,0.122,229,17.3,1012.2
318,2021-11-15,53.4,41,59,0.098,221,16.3,1005.8
319,2021-11-16,36.3,28,45,0.012,284,7.5,1022.9
320,2021-11-17,29.7,21,39,0,17,1.7,1031.5
321,2021-11-18,34,30.9,37.9,0.224,7,1.1,1019.2
322,2021-11-19,35.6,33.1,37.9,0.358,359,0.3,1018.9
323,2021-11-20,35.4,30.9,37.9,0,342,1.9,1031.3
324,2021-11-21,35.2,30,43,0,7,0.8,1031.9
325,2021-11-22,32.7,28.9,37.9,0,348,1.9,1020.9
326,2021-11-23,34.2,33.1,35.1,0.343,321,2.7,1014.3
327,2021-11-24,34.7,30.9,41,0,322,2.4,1030.5
328,2021-11-25,40.1,32,46,0.02,37,3,1026.2
329,2021-11-26,46,42.1,52,0.02,345,2.7,1020.5
330,2021-11-27,43.5,37.9,50,0.236,28,2.5,1021.6
331,2021-11-28,54.5,50,57.9,0,220,11.6,1018.2
332,2021-11-29,49.6,46,55.9,0,296,3.6,1022.4
333,2021-11-30,50.4,46.9,53.1,0.016,205,7.6,1020.6
334,2021-12-01,56.3,51.1,62.1,0,224,9.3,1017.5
335,2021-12-02,47.7,37.9,55,0,247,6,1018.7
336,2021-12-03,35.6,30,39,0,1,0.3,1024.2
337,2021-12-04,36.3,34,39,0.055,316,3.2,1017.3
338,2021-12-05,29.5,25,35.1,0,352,3.5,1030.5
339,2021-12-06,27.3,26.1,28.9,0.146,6,1.3,1021.4
340,2021-12-07,30.9,28,34,0,4,0.4,1017.5
341,2021-12-08,36.9,30,44.1,0,286,5.2,1007.5
342,2021-12-09,31.6,26.1,34,0.043,246,4.6,1011.2
343,2021-12-10,32.9,28,37,0.004,227,7.4,1016.4
344,2021-12-11,42.3,37,46,0.118,205,18.1,1002.4
345,2021-12-12,38.1,34,43,0.043,233,9.1,1003.3
346,2021-12-13,37,33.1,42.1,0.071,81,7.1,1001.7
347,2021-12-14,34.9,28.9,39,0,241,5.2,1006.2
348,2021-12-15,30,25,36,0,33,2.1,1013.6
349,2021-12-16,29.8,27,32,0.091,291,4.3,1013
350,2021-12-17,19.2,12,23,0,8,1.2,1028.9
351,2021-12-18,32.4,21.9,42.1,0.299,353,6.2,1016.6
352,2021-12-19,33.1,28,37.9,0,330,3.2,1015.2
353,2021-12-20,26.2,24.1,28.9,0.122,358,0.6,1020.5
354,2021-12-21,24.4,21.9,28,0.028,2,1.7,1021.7
355,2021-12-22,35.4,26.1,43,0.252,0,2.1,1008.2
356,2021-12-23,37.9,34,43,0.051,228,11.6,994.7
357,2021-12-24,34.5,32,37,0.071,193,7.4,994.4
358,2021-12-25,32.9,28.9,37,0.008,197,8.1,998.1
359,2021-12-26,28.2,25,32,0.043,244,5.4,997.4
360,2021-12-27,19.4,14,25,0.024,281,4.9,1006.3
361,2021-12-28,13.3,8.1,17.1,0,347,2.2,1010.2
362,2021-12-29,13.1,8.1,17.1,0,324,4.2,1012.7
363,2021-12-30,14.9,12,17.1,0.177,4,1.7,1006.3
364,2021-12-31,14.5,10.9,21,0,272,3.3,1015.6
365,2022-01-01,14,10.9,18,0,347,2.2,1027.9
366,2022-01-02,18.5,12.9,30,0,15,1.1,1020
367,2022-01-03,35.8,32,41,0.13,197,9.4,1003.1
368,2022-01-04,31.1,28.9,34,0.039,235,5.2,1015.6
369,2022-01-05,28.6,25,30.9,0.114,318,2.1,1019.2
370,2022-01-06,28.2,26.1,35.1,0.622,48,3.2,1010
371,2022-01-07,38.3,32,43,0.421,230,15.8,996.5
372,2022-01-08,29.3,23,34,0,313,4.3,1021.8
373,2022-01-09,25.7,19,35.1,0,3,0.9,1034.3
374,2022-01-10,25.7,17.1,34,0,7,0.6,1034.1
375,2022-01-11,35.2,30,39.9,0.122,25,2.7,1027.7
376,2022-01-12,39,30.9,43,0.13,42,3.5,1024.2
377,2022-01-13,33.3,28,37,0,14,1.6,1023.8
378,2022-01-14,33.1,28,37.9,0,11,1.6,1034.8
379,2022-01-15,34.3,32,39.9,0,0,1.9,1028.9
380,2022-01-16,32.2,30,36,0,25,1.7,1025.8
381,2022-01-17,33.3,30,39,0,6,2.3,1017.6
382,2022-01-18,35.2,33.1,37.9,0.02,324,2.2,1018.8
383,2022-01-19,36.7,35.1,39.9,0.004,9,0.6,1027.7
384,2022-01-20,37.4,33.1,41,0.559,303,3.8,1022.5
385,2022-01-21,33.4,30,39.9,0,313,2.8,1032.5
386,2022-01-22,30.4,26.1,35.1,0,3,0.5,1035.3
387,2022-01-23,30.2,28.9,32,0,20,1.4,1030.3
388,2022-01-24,30,28,30.9,0,339,1.9,1026.6
389,2022-01-25,31.3,28.9,33.1,0,30,2.4,1030.4
390,2022-01-26,31.8,30.9,33.1,0,344,2.3,1029.5
391,2022-01-27,30.4,24.1,37,0,0,1.8,1037.8
392,2022-01-28,25.9,21,32,0,357,1.1,1035.2
393,2022-01-29,27.1,21.9,32,0,11,1.2,1029.7
394,2022-01-30,31.3,26.1,39.9,0.024,344,2,1020.2
395,2022-01-31,32.7,24.1,37.9,0,257,7.8,1018.4
396,2022-02-01,28.8,24.1,37,0,297,3.7,1023.2
397,2022-02-02,22.1,17.1,27,0.031,54,4,1028.7
398,2022-02-03,26.4,23,30,0.012,11,1.3,1031
399,2022-02-04,33.1,28.9,39,0,323,3,1028.9
400,2022-02-05,35.4,28,44.1,0,320,3.2,1031.4
401,2022-02-06,32.4,27,45,0,3,0.9,1033.2
402,2022-02-07,36.1,27,48.9,0,315,3.4,1026.7
403,2022-02-08,36.9,28,46.9,0,5,2.8,1033
404,2022-02-09,39,30.9,51.1,0,0,0.7,1031.8
405,2022-02-10,37.4,30,48.9,0,334,2.3,1026.5
406,2022-02-11,33.4,25,51.1,0,7,1.5,1032.1
407,2022-02-12,32.9,24.1,46.9,0,2,1.1,1032.1
408,2022-02-13,34.3,25,50,0,7,0.7,1025.7
409,2022-02-14,36.9,33.1,43,0.039,332,3.9,1012.4
410,2022-02-15,37.4,33.1,46.9,0,328,1.8,1016.2
411,2022-02-16,37.4,30,48.9,0,323,3,1020.9
412,2022-02-17,37.4,28,45,0,250,5.3,1025.6
413,2022-02-18,40.3,30.9,53.1,0,356,3.7,1026.3
414,2022-02-19,41.9,33.1,46.9,0,244,8.3,1013.8
415,2022-02-20,38.3,30.9,46,0.012,253,7.5,1008.2
416,2022-02-21,25.2,16,32,0.15,54,11.4,1014
417,2022-02-22,15.4,10.9,19.9,0,38,10,1027.7
418,2022-02-23,15.1,6.1,21.9,0,322,2.7,1030
419,2022-02-24,20.7,15.1,27,0.031,296,3,1030.4
420,2022-02-25,21.2,12.9,30.9,0,17,1.4,1034.5
421,2022-02-26,27,15.1,43,0,6,1.1,1031.2
422,2022-02-27,37,30,45,0.122,60,3.9,1025.4
423,2022-02-28,45.5,39,53.1,0.638,188,7.2,1016.1
424,2022-03-01,52.7,48,60.1,0.02,240,7.5,1017.3
425,2022-03-02,46.4,44.1,50,0.201,359,1.2,1017.3
426,2022-03-03,42.4,37,46,0.433,310,3,1014.1
427,2022-03-04,36.1,30,43,0,341,2.3,1016.4
428,2022-03-05,35.6,28.9,48.9,0,348,0.9,1020.6
429,2022-03-06,37,28,48.9,0,2,2.6,1027.3
430,2022-03-07,42.3,33.1,53.1,0,271,3.7,1025.5
431,2022-03-08,39.7,30.9,44.1,0,17,7.5,1020.7
432,2022-03-09,28.9,23,36,0,19,6.9,1024.5
433,2022-03-10,30.2,19.9,39.9,0,285,4.8,1026.3
434,2022-03-11,35.2,27,44.1,0.024,20,2.9,1025
435,2022-03-12,44.4,35.1,60.1,0,358,2.9,1013.3
436,2022-03-13,44.75,38.6,55.6,0.0455,283.5,6,1016.7
437,2022-03-14,45.1,42.1,51.1,0.091,209,9.1,1020.1
438,2022-03-15,47.8,42.1,55.9,0.185,238,9.6,1015.3
439,2022-03-16,43,37,52,0,249,6.5,1023
440,2022-03-17,43.5,30.9,54,0,327,5.4,1021.1
441,2022-03-18,46,39,53.1,0.02,242,5.2,1017.7
442,2022-03-19,42.1,34,50,0.055,339,3.8,1010.8
443,2022-03-20,39.4,30,48,0,247,7.5,1021.2
444,2022-03-21,40.3,35.1,45,0.11,242,5.6,1028
445,2022-03-22,45.9,41,52,0,47,2.4,1030.7
446,2022-03-23,50,37.9,62.1,0.02,342,4.3,1020.9
447,2022-03-24,46.2,34,55,0,333,3,1023
448,2022-03-25,46.6,35.1,60.1,0,348,2.1,1017.8
449,2022-03-26,49.5,39,63,0,25,2.9,1014.4
450,2022-03-27,53.8,41,69.1,0,351,1,1006.1
451,2022-03-28,54.5,42.1,66,0,330,3.9,1004.3
452,2022-03-29,53.2,42.1,63,0,340,3.3,1012.3
453,2022-03-30,48.7,42.1,57.9,0,234,12.1,1014.7
454,2022-03-31,43.5,34,54,0,238,7.5,1017
455,2022-04-01,43.2,32,54,0,258,5.2,1017.8
456,2022-04-02,46.6,37.9,55.9,0.071,284,7.1,1017.1
457,2022-04-03,45.1,32,57,0,318,7,1014.9
458,2022-04-04,46.2,37.9,53.1,0.394,228,18.4,1000.1
459,2022-04-05,42.1,33.1,53.6,0,236,14.1,1018.3
460,2022-04-06,41.2,28.9,54,0,8,3.5,1033.2
461,2022-04-07,48,30.9,66.9,0,30,2.8,1029.5
462,2022-04-08,48.9,41,57.9,0.039,271,10.9,1016.1
463,2022-04-09,41,33.1,50,0,231,11.4,1017.8
464,2022-04-10,35.4,28.9,44.1,0,260,5.4,1013.4
465,2022-04-11,35.2,28,41,0.008,37,10.7,1002.3
466,2022-04-12,36.7,32,43,0,54,10.6,1014.1
467,2022-04-13,37.6,28.9,46.9,0,65,11.4,1017.4
468,2022-04-14,36.9,32,42.1,0.063,58,7.4,1012.5
469,2022-04-15,35.2,30,43,0.134,100,5.7,1017.9
470,2022-04-16,36.9,27,46.9,0.004,10,4.4,1013
471,2022-04-17,39.6,33.1,48.9,0.024,197,7.3,1024.2
472,2022-04-18,46.6,35.1,57.9,0.051,100,6.5,1011.5
473,2022-04-19,44.8,35.1,53.1,0.161,235,11.8,1007.6
474,2022-04-20,47.5,37.9,55.9,0.02,139,6.1,1009.6
475,2022-04-21,46.9,39.9,55,0.185,283,4.3,1007.4
476,2022-04-22,44.8,33.1,59,0.031,345,2.4,1015.3
477,2022-04-23,47.7,34,62.1,0,334,3.4,1022.6
478,2022-04-24,50.4,35.1,64.9,0,37,2.8,1022.7
479,2022-04-25,53.8,39,64.9,0.012,273,5,1016.2
480,2022-04-26,49.3,45,55.9,0.193,216,10.3,1013.8
481,2022-04-27,45.1,34,54,0,250,6.7,1016.8
482,2022-04-28,46,32,57,0,349,2.9,1014.3
483,2022-04-29,49.1,42.1,57.9,0,202,8,1019.9
484,2022-04-30,47.3,39,54,0.13,43,5.2,1016
485,2022-05-01,52.9,46,61,0,339,2.8,1015.4
486,2022-05-02,49.1,39.9,61,0,331,6,1008.8
487,2022-05-03,53.8,46,66.9,0,226,8.1,1017.1
488,2022-05-04,59.2,45,73,0,60,4.5,1015.4
489,2022-05-05,54,50,55.9,0.547,296,7.4,1005.8
490,2022-05-06,50.5,45,57,0.398,218,7,1005
491,2022-05-07,48.7,45,55,0.122,237,11.3,1004.1
492,2022-05-08,43.5,37,53.1,0,213,8.5,1004.8
493,2022-05-09,42.8,36,53.1,0.012,301,6.7,1008.5
494,2022-05-10,48.2,39,59,0,228,7.3,1018
495,2022-05-11,49.3,37,61,0,348,2.4,1020.4
496,2022-05-12,48.4,39,60.1,0.185,209,5.9,1018.6
497,2022-05-13,46.4,37,54,0,215,10.9,1020.4
498,2022-05-14,47.5,42.1,55,0,40,3.3,1020.2
499,2022-05-15,56.8,43,69.1,0,39,4,1016.5
500,2022-05-16,59,50,66.9,0,232,9.1,1014.6
501,2022-05-17,52.9,42.1,62.1,0,265,6.7,1020.5
502,2022-05-18,53.4,46.9,61,0.091,243,12.3,1014.1
503,2022-05-19,48.2,39,55.9,0,269,8.3,1014.2
504,2022-05-20,47.3,37.9,57.9,0.11,352,4.5,1020
505,2022-05-21,48,39.9,60.1,0.118,16,4.1,1022.3
506,2022-05-22,53.4,37.9,66.9,0,336,2.9,1022.5
507,2022-05-23,55.2,43,66,0.22,327,5.2,1018.6
508,2022-05-24,55.4,46,64.9,0,331,3.4,1016.9
509,2022-05-25,58.8,52,68,0,304,4.1,1014.1
510,2022-05-26,64.4,51.1,75,0,342,3,1011
511,2022-05-27,59.4,52,66,0.291,238,10,1010.4
512,2022-05-28,55.6,50,61,0,173,6.1,1007.1
513,2022-05-29,54.7,48.9,63,0.681,300,3.5,1006.1
514,2022-05-30,53.1,46.9,64.9,0.232,337,3.4,1016.4
515,2022-05-31,59,45,72,0,5,3.1,1020.6
516,2022-06-01,62.8,50,73.9,0.012,359,2.4,1017
517,2022-06-02,67.8,55.9,81,0,38,4.1,1011.2
518,2022-06-03,63.1,57,73.9,0.374,9,2.4,1007.3
519,2022-06-04,55.4,50,60.1,0.335,293,3.2,1009.2
520,2022-06-05,58.5,50,71.1,0.925,54,4.9,1006.9
521,2022-06-06,59.4,51.1,68,0,250,7.3,1014.8
522,2022-06-07,62.1,48.9,73.9,0,355,3.4,1016.9
523,2022-06-08,65.3,57.9,75.9,0.012,337,6.4,1013.2
524,2022-06-09,64,54,72,0.039,45,3.5,1012.9
525,2022-06-10,61.9,55.9,68,0.276,280,5.8,1012.9
526,2022-06-11,63,57,72,0.205,251,7.3,1010.1
527,2022-06-12,61.3,52,69.1,0.35,255,5.6,1004.6
528,2022-06-13,48.9,46.9,51.1,1.197,221,10.6,1009.3
529,2022-06-14,51.8,44.1,57.9,0,245,10.1,1014.9
530,2022-06-15,59.7,48,72,0,252,5.8,1015.5
531,2022-06-16,63.7,53.1,73.9,0,340,4.8,1008.7
532,2022-06-17,65.3,55,73,0,280,5.3,1003.6
533,2022-06-18,57.6,53.1,64,0.02,237,7.5,1011.5
534,2022-06-19,56.1,51.1,64,0.102,281,4,1017.3
535,2022-06-20,59.9,53.1,71.1,0.154,283,5.5,1020.5
536,2022-06-21,66.4,53.1,78.1,0,292,6,1023.2
537,2022-06-22,70.2,55.9,81,0,257,7.3,1015.2
538,2022-06-23,64.9,54,73,0,275,6.1,1013.9
539,2022-06-24,64.4,55,73.9,0,341,4.1,1019.8
540,2022-06-25,66.6,50,82,0,25,3.7,1024.1
541,2022-06-26,70.2,52,87.1,0,6,2.4,1020.5
542,2022-06-27,74.3,53.1,93.9,0,13,1.7,1015.5
543,2022-06-28,74.5,61,88,0,261,10.1,1011.5
544,2022-06-29,66.4,55.9,77,0,256,8,1016.9
545,2022-06-30,69.3,55,82,0,8,1.7,1017.1
546,2022-07-01,71.1,54,84.9,0,347,1.9,1013.3
547,2022-07-02,73.8,55.9,88,0,4,3.2,1009.3
548,2022-07-03,66.6,59,73,0.11,342,4.7,1008.5
549,2022-07-04,60.1,57,68,0.161,10,3.8,1013.2
550,2022-07-05,66.9,50,81,0,5,2.7,1013.6
551,2022-07-06,70,59,82,0.161,1,2.2,1011.3
552,2022-07-07,70,62.1,80.1,0,330,3.2,1014.1
553,2022-07-08,71.1,60.1,82,0,340,3.4,1016.3
554,2022-07-09,71.1,57,82,0,301,5.8,1017.2
555,2022-07-10,69.8,60.1,81,0,254,6.5,1021.3
556,2022-07-11,73,57.9,89.1,0,5,1.7,1020.3
557,2022-07-12,77,57,93,0,356,2.6,1011.1
558,2022-07-13,77.4,64.9,91,0.055,301,5,1009.3
559,2022-07-14,74.8,60.1,89.1,0,34,4.3,1013.5
560,2022-07-15,73.2,57.9,91,0,17,4.3,1013.6
561,2022-07-16,76.6,62.1,90,0,344,5.2,1013.2
562,2022-07-17,74.5,64.9,84.9,0,205,7.7,1010.6
563,2022-07-18,67.3,55,80.1,0,216,9,1015
564,2022-07-19,73.4,54,89.1,0,15,5,1015.7
565,2022-07-20,77,60.1,93.9,0,315,5.7,1014.8
566,2022-07-21,77.9,62.1,93.9,0,19,6.2,1012.7
567,2022-07-22,75.6,61,89.1,0,237,7.8,1011.1
568,2022-07-23,74.5,57.9,89.1,0,358,3.2,1013.6
569,2022-07-24,77,59,93.9,0,3,2.8,1014.8
570,2022-07-25,78.8,61,96.1,0,354,2.5,1012.3
571,2022-07-26,81,62.1,98.1,0,5,2.5,1011.6
572,2022-07-27,81.9,64.9,99,0,5,2.2,1012.8
573,2022-07-28,84.7,66,102.9,0,15,3.4,1011.7
574,2022-07-29,84.4,68,100.9,0,354,4.1,1009.8
575,2022-07-30,82.4,62.1,102.9,0,10,3.5,1010.3
576,2022-07-31,82.4,62.1,104,0,352,3.1,1010.1
577,2022-08-01,81.1,64.9,98.1,0,279,7.1,1009
578,2022-08-02,79,66,91,0,250,9,1010.5
579,2022-08-03,77.9,63,93,0,235,8.3,1009.4
580,2022-08-04,72.7,59,82,0,242,9.9,1009.7
581,2022-08-05,67.5,51.1,81,0,358,3.1,1014.1
582,2022-08-06,69.4,52,86,0,346,2.1,1015.8
583,2022-08-07,73.8,55.9,93,0,10,2.9,1017.1
584,2022-08-08,77.7,59,98.1,0,12,3,1013.6
585,2022-08-09,78.4,61,93.9,0,11,3.1,1012.7
586,2022-08-10,83.1,73.9,93.9,0,34,4.4,1013.8
587,2022-08-11,80.2,66.9,96.1,0,10,2.6,1015
588,2022-08-12,79.2,63,96.1,0,32,4.6,1012.5
589,2022-08-13,73.2,64,84,0,253,6.2,1016.2
590,2022-08-14,72.9,57.9,88,0,4,3.9,1017.1
591,2022-08-15,73.8,55,91.9,0,8,2.1,1015.5
592,2022-08-16,76.3,57.9,95,0,4,2.4,1014.6
593,2022-08-17,79.2,59,100,0,9,2.5,1015.3
594,2022-08-18,79.9,60.1,100.9,0,4,3.3,1012.6
595,2022-08-19,80.1,66,95,0,1,0.6,1008.7
596,2022-08-20,81,66.9,93.9,0,16,1.9,1009.8
597,2022-08-21,79.3,64.9,95,0,338,3.3,1013.3
598,2022-08-22,72.5,60.1,90,0,10,1.6,1015.7
599,2022-08-23,74.3,59,89.1,0,9,3,1013.6
600,2022-08-24,76.5,61,91,0,24,4.8,1012.1
601,2022-08-25,74.8,64,89.1,0,359,4.2,1013.2
602,2022-08-26,75,59,90,0,319,6.3,1009.4
603,2022-08-27,70.2,63,78.1,0,246,10,1006.8
604,2022-08-28,64,48.9,78.1,0,334,3.3,1013.3
605,2022-08-29,69.1,50,88,0,21,2.1,1016.9
606,2022-08-30,73.9,55,93,0,356,1.4,1017
607,2022-08-31,78.4,57,102.9,0,9,3.1,1012.9
608,2022-09-01,78.6,64.9,93.9,0,327,5,1012.7
609,2022-09-02,77.2,57,98.1,0,19,2.3,1012.8
610,2022-09-03,69.8,60.1,81,0.091,0,3.5,1012.7
611,2022-09-04,70.2,55.9,86,0,351,5.1,1015.5
612,2022-09-05,68.5,57,81,0,276,5.5,1016.2
613,2022-09-06,67.6,48.9,90,0,2,1.9,1016.6
614,2022-09-07,70.7,52,89.1,0,328,5.8,1014.1
615,2022-09-08,64.8,48.9,78.1,0,335,3.7,1016.8
616,2022-09-09,62.6,46.9,78.1,0,23,3.5,1017.4
617,2022-09-10,63.5,45,82,0,11,1.1,1017.2
618,2022-09-11,63.7,48,82,0,23,2.5,1017.6
619,2022-09-12,66,53.1,80.1,0,4,1.3,1013.5
620,2022-09-13,66.4,52,82,0,0,1.4,1008.8
621,2022-09-14,64.6,55.9,72,0.043,331,2.9,1010.9
622,2022-09-15,61.7,50,75,0,5,1.7,1014.6
623,2022-09-16,62.1,51.1,71.1,0,232,6,1013.5
624,2022-09-17,58.6,44.1,71.1,0,5,3,1010
625,2022-09-18,62.6,50,73.9,0.024,355,1,1007.5
626,2022-09-19,63.7,48.9,77,0,341,3.7,1010.6
627,2022-09-20,62.6,45,75.9,0,20,5.6,1015.8
628,2022-09-21,63.7,46.9,79,0,18,2.9,1013
629,2022-09-22,62.2,53.1,73,0.134,238,7.3,1012
630,2022-09-23,59.4,50,70,0,202,5.8,1018.5
631,2022-09-24,60.8,46,78.1,0,10,2.1,1022.6
632,2022-09-25,62.2,46.9,81,0,0,0.6,1023.1
633,2022-09-26,65.1,48,87.1,0,17,1.9,1018.3
634,2022-09-27,67.8,48.9,91,0,16,1.8,1013
635,2022-09-28,66,53.1,81,0,336,3,1012.4
636,2022-09-29,57,54,63,0.858,308,3.8,1017.5
637,2022-09-30,57.9,53.1,66.9,0,5,0.6,1021
638,2022-10-01,61.7,48.9,79,0,24,2.9,1018.3
639,2022-10-02,62.4,50,78.1,0,4,3,1016.5
640,2022-10-03,62.4,50,80.1,0,17,1.9,1020
641,2022-10-04,61.9,48,82,0,14,1.6,1019
642,2022-10-05,60.8,48,79,0,19,2.1,1021.1
643,2022-10-06,61.3,46.9,81,0,0,0.6,1023
644,2022-10-07,61.3,48,78.1,0,358,0.7,1023.9
645,2022-10-08,58.8,46,75.9,0,11,1.4,1022.6
646,2022-10-09,58.3,45,77,0,5,1.1,1021
647,2022-10-10,60.4,45,75,0,299,6,1012.9
648,2022-10-11,58.5,46,73,0,342,3.2,1018
649,2022-10-12,57.2,43,75,0,350,2.3,1024.3
650,2022-10-13,54.1,42.1,72,0,11,1.7,1023.9
651,2022-10-14,55,42.1,73,0,357,1.4,1018
652,2022-10-15,57.6,45,77,0,11,2.7,1019.9
653,2022-10-16,55.9,42.1,77,0,6,1.2,1020.7
654,2022-10-17,54.7,42.1,75,0,7,0.9,1020.5
655,2022-10-18,53.8,41,73,0,18,1.5,1024
656,2022-10-19,52.5,39,71.1,0,12,2.2,1026.1
657,2022-10-20,51.1,39.9,64,0,359,1.1,1016.2
658,2022-10-21,46.9,41,53.1,0.283,270,5.4,1006.3
659,2022-10-22,43.3,37,48.9,0.02,328,2.7,1002.3
660,2022-10-23,43,36,51.1,0,342,3,1016.3
661,2022-10-24,42.8,39,45,0.154,194,5.3,1015.3
662,2022-10-25,43.9,37.9,50,0,263,5,1017.2
663,2022-10-26,43.5,39,46.9,0.11,257,4.2,1014.1
664,2022-10-27,46.2,37.9,55,0,188,9.4,1019.2
665,2022-10-28,50.5,43,55.9,0,137,6.6,1019.4
666,2022-10-29,47.1,39.9,57,0,350,3,1024.3
667,2022-10-30,51.8,45,57.9,0,226,8.6,1018.3
668,2022-10-31,52.7,48.9,55,0.055,222,9.1,1008.2
669,2022-11-01,42.3,39,48.9,0.756,330,2.7,1003.8
